DATA_MC|KOD_WOJ|WOJEWODZTWO|PLEC|WIEK|LICZBA
2022-08|02|WOJ. DOLNOŚLĄSKIE|K|46|4
2022-08|02|WOJ. DOLNOŚLĄSKIE|K|55|1
2022-08|02|WOJ. DOLNOŚLĄSKIE|K|33|19
2022-08|02|WOJ. DOLNOŚLĄSKIE|K|57|1
2022-08|02|WOJ. DOLNOŚLĄSKIE|K|53|3
2022-08|02|WOJ. DOLNOŚLĄSKIE|K|50|4
2022-08|02|WOJ. DOLNOŚLĄSKIE|K|32|11
2022-08|02|WOJ. DOLNOŚLĄSKIE|K|23|19
2022-08|02|WOJ. DOLNOŚLĄSKIE|K|40|7
2022-08|02|WOJ. DOLNOŚLĄSKIE|K|36|6
2022-08|02|WOJ. DOLNOŚLĄSKIE|K|48|5
2022-08|02|WOJ. DOLNOŚLĄSKIE|K|41|4
2022-08|02|WOJ. DOLNOŚLĄSKIE|K|14|2
2022-08|02|WOJ. DOLNOŚLĄSKIE|K|19|111
2022-08|02|WOJ. DOLNOŚLĄSKIE|K|26|26
2022-08|02|WOJ. DOLNOŚLĄSKIE|K|28|30
2022-08|02|WOJ. DOLNOŚLĄSKIE|K|49|1
2022-08|02|WOJ. DOLNOŚLĄSKIE|K|25|18
2022-08|02|WOJ. DOLNOŚLĄSKIE|K|39|9
2022-08|02|WOJ. DOLNOŚLĄSKIE|K|44|8
2022-08|02|WOJ. DOLNOŚLĄSKIE|K|30|16
2022-08|02|WOJ. DOLNOŚLĄSKIE|K|24|17
2022-08|02|WOJ. DOLNOŚLĄSKIE|K|35|9
2022-08|02|WOJ. DOLNOŚLĄSKIE|K|71|1
2022-08|02|WOJ. DOLNOŚLĄSKIE|K|31|15
2022-08|02|WOJ. DOLNOŚLĄSKIE|K|34|10
2022-08|02|WOJ. DOLNOŚLĄSKIE|K|37|14
2022-08|02|WOJ. DOLNOŚLĄSKIE|K|52|2
2022-08|02|WOJ. DOLNOŚLĄSKIE|K|51|2
2022-08|02|WOJ. DOLNOŚLĄSKIE|K|58|1
2022-08|02|WOJ. DOLNOŚLĄSKIE|K|54|1
2022-08|02|WOJ. DOLNOŚLĄSKIE|K|16|3
2022-08|02|WOJ. DOLNOŚLĄSKIE|K|43|10
2022-08|02|WOJ. DOLNOŚLĄSKIE|K|45|4
2022-08|02|WOJ. DOLNOŚLĄSKIE|K|29|11
2022-08|02|WOJ. DOLNOŚLĄSKIE|K|17|4
2022-08|02|WOJ. DOLNOŚLĄSKIE|K|21|23
2022-08|02|WOJ. DOLNOŚLĄSKIE|K|20|43
2022-08|02|WOJ. DOLNOŚLĄSKIE|K|42|9
2022-08|02|WOJ. DOLNOŚLĄSKIE|K|47|3
2022-08|02|WOJ. DOLNOŚLĄSKIE|K|38|10
2022-08|02|WOJ. DOLNOŚLĄSKIE|K|27|17
2022-08|02|WOJ. DOLNOŚLĄSKIE|K|22|23
2022-08|02|WOJ. DOLNOŚLĄSKIE|K|18|379
2022-08|02|WOJ. DOLNOŚLĄSKIE|M|39|5
2022-08|02|WOJ. DOLNOŚLĄSKIE|M|30|12
2022-08|02|WOJ. DOLNOŚLĄSKIE|M|28|13
2022-08|02|WOJ. DOLNOŚLĄSKIE|M|20|43
2022-08|02|WOJ. DOLNOŚLĄSKIE|M|41|5
2022-08|02|WOJ. DOLNOŚLĄSKIE|M|53|1
2022-08|02|WOJ. DOLNOŚLĄSKIE|M|24|12
2022-08|02|WOJ. DOLNOŚLĄSKIE|M|18|375
2022-08|02|WOJ. DOLNOŚLĄSKIE|M|27|17
2022-08|02|WOJ. DOLNOŚLĄSKIE|M|16|17
2022-08|02|WOJ. DOLNOŚLĄSKIE|M|23|14
2022-08|02|WOJ. DOLNOŚLĄSKIE|M|55|2
2022-08|02|WOJ. DOLNOŚLĄSKIE|M|32|7
2022-08|02|WOJ. DOLNOŚLĄSKIE|M|25|24
2022-08|02|WOJ. DOLNOŚLĄSKIE|M|45|2
2022-08|02|WOJ. DOLNOŚLĄSKIE|M|49|3
2022-08|02|WOJ. DOLNOŚLĄSKIE|M|33|8
2022-08|02|WOJ. DOLNOŚLĄSKIE|M|38|6
2022-08|02|WOJ. DOLNOŚLĄSKIE|M|15|5
2022-08|02|WOJ. DOLNOŚLĄSKIE|M|46|3
2022-08|02|WOJ. DOLNOŚLĄSKIE|M|56|2
2022-08|02|WOJ. DOLNOŚLĄSKIE|M|19|123
2022-08|02|WOJ. DOLNOŚLĄSKIE|M|29|12
2022-08|02|WOJ. DOLNOŚLĄSKIE|M|42|3
2022-08|02|WOJ. DOLNOŚLĄSKIE|M|67|1
2022-08|02|WOJ. DOLNOŚLĄSKIE|M|37|6
2022-08|02|WOJ. DOLNOŚLĄSKIE|M|35|7
2022-08|02|WOJ. DOLNOŚLĄSKIE|M|43|1
2022-08|02|WOJ. DOLNOŚLĄSKIE|M|21|31
2022-08|02|WOJ. DOLNOŚLĄSKIE|M|44|2
2022-08|02|WOJ. DOLNOŚLĄSKIE|M|31|13
2022-08|02|WOJ. DOLNOŚLĄSKIE|M|22|18
2022-08|02|WOJ. DOLNOŚLĄSKIE|M|26|12
2022-08|02|WOJ. DOLNOŚLĄSKIE|M|40|4
2022-08|02|WOJ. DOLNOŚLĄSKIE|M|14|7
2022-08|02|WOJ. DOLNOŚLĄSKIE|M|52|1
2022-08|02|WOJ. DOLNOŚLĄSKIE|M|47|3
2022-08|02|WOJ. DOLNOŚLĄSKIE|M|36|8
2022-08|02|WOJ. DOLNOŚLĄSKIE|M|17|15
2022-08|02|WOJ. DOLNOŚLĄSKIE|M|34|8
2022-08|04|WOJ. KUJAWSKO-POMORSKIE|K|52|1
2022-08|04|WOJ. KUJAWSKO-POMORSKIE|K|41|8
2022-08|04|WOJ. KUJAWSKO-POMORSKIE|K|49|3
2022-08|04|WOJ. KUJAWSKO-POMORSKIE|K|15|1
2022-08|04|WOJ. KUJAWSKO-POMORSKIE|K|19|95
2022-08|04|WOJ. KUJAWSKO-POMORSKIE|K|35|8
2022-08|04|WOJ. KUJAWSKO-POMORSKIE|K|48|4
2022-08|04|WOJ. KUJAWSKO-POMORSKIE|K|37|6
2022-08|04|WOJ. KUJAWSKO-POMORSKIE|K|50|2
2022-08|04|WOJ. KUJAWSKO-POMORSKIE|K|29|10
2022-08|04|WOJ. KUJAWSKO-POMORSKIE|K|20|25
2022-08|04|WOJ. KUJAWSKO-POMORSKIE|K|24|12
2022-08|04|WOJ. KUJAWSKO-POMORSKIE|K|33|10
2022-08|04|WOJ. KUJAWSKO-POMORSKIE|K|44|2
2022-08|04|WOJ. KUJAWSKO-POMORSKIE|K|58|1
2022-08|04|WOJ. KUJAWSKO-POMORSKIE|K|43|5
2022-08|04|WOJ. KUJAWSKO-POMORSKIE|K|27|13
2022-08|04|WOJ. KUJAWSKO-POMORSKIE|K|40|6
2022-08|04|WOJ. KUJAWSKO-POMORSKIE|K|57|2
2022-08|04|WOJ. KUJAWSKO-POMORSKIE|K|51|1
2022-08|04|WOJ. KUJAWSKO-POMORSKIE|K|31|8
2022-08|04|WOJ. KUJAWSKO-POMORSKIE|K|34|8
2022-08|04|WOJ. KUJAWSKO-POMORSKIE|K|38|7
2022-08|04|WOJ. KUJAWSKO-POMORSKIE|K|28|14
2022-08|04|WOJ. KUJAWSKO-POMORSKIE|K|55|2
2022-08|04|WOJ. KUJAWSKO-POMORSKIE|K|26|11
2022-08|04|WOJ. KUJAWSKO-POMORSKIE|K|45|7
2022-08|04|WOJ. KUJAWSKO-POMORSKIE|K|53|1
2022-08|04|WOJ. KUJAWSKO-POMORSKIE|K|14|1
2022-08|04|WOJ. KUJAWSKO-POMORSKIE|K|39|8
2022-08|04|WOJ. KUJAWSKO-POMORSKIE|K|30|14
2022-08|04|WOJ. KUJAWSKO-POMORSKIE|K|36|9
2022-08|04|WOJ. KUJAWSKO-POMORSKIE|K|32|9
2022-08|04|WOJ. KUJAWSKO-POMORSKIE|K|22|8
2022-08|04|WOJ. KUJAWSKO-POMORSKIE|K|65|1
2022-08|04|WOJ. KUJAWSKO-POMORSKIE|K|21|13
2022-08|04|WOJ. KUJAWSKO-POMORSKIE|K|18|242
2022-08|04|WOJ. KUJAWSKO-POMORSKIE|K|23|8
2022-08|04|WOJ. KUJAWSKO-POMORSKIE|K|54|3
2022-08|04|WOJ. KUJAWSKO-POMORSKIE|K|25|12
2022-08|04|WOJ. KUJAWSKO-POMORSKIE|K|42|3
2022-08|04|WOJ. KUJAWSKO-POMORSKIE|K|17|2
2022-08|04|WOJ. KUJAWSKO-POMORSKIE|M|17|28
2022-08|04|WOJ. KUJAWSKO-POMORSKIE|M|26|12
2022-08|04|WOJ. KUJAWSKO-POMORSKIE|M|15|12
2022-08|04|WOJ. KUJAWSKO-POMORSKIE|M|35|2
2022-08|04|WOJ. KUJAWSKO-POMORSKIE|M|14|10
2022-08|04|WOJ. KUJAWSKO-POMORSKIE|M|46|2
2022-08|04|WOJ. KUJAWSKO-POMORSKIE|M|37|6
2022-08|04|WOJ. KUJAWSKO-POMORSKIE|M|57|1
2022-08|04|WOJ. KUJAWSKO-POMORSKIE|M|59|1
2022-08|04|WOJ. KUJAWSKO-POMORSKIE|M|30|6
2022-08|04|WOJ. KUJAWSKO-POMORSKIE|M|21|19
2022-08|04|WOJ. KUJAWSKO-POMORSKIE|M|38|2
2022-08|04|WOJ. KUJAWSKO-POMORSKIE|M|34|5
2022-08|04|WOJ. KUJAWSKO-POMORSKIE|M|45|2
2022-08|04|WOJ. KUJAWSKO-POMORSKIE|M|22|9
2022-08|04|WOJ. KUJAWSKO-POMORSKIE|M|43|4
2022-08|04|WOJ. KUJAWSKO-POMORSKIE|M|42|1
2022-08|04|WOJ. KUJAWSKO-POMORSKIE|M|19|93
2022-08|04|WOJ. KUJAWSKO-POMORSKIE|M|31|7
2022-08|04|WOJ. KUJAWSKO-POMORSKIE|M|47|3
2022-08|04|WOJ. KUJAWSKO-POMORSKIE|M|36|2
2022-08|04|WOJ. KUJAWSKO-POMORSKIE|M|33|3
2022-08|04|WOJ. KUJAWSKO-POMORSKIE|M|23|12
2022-08|04|WOJ. KUJAWSKO-POMORSKIE|M|32|5
2022-08|04|WOJ. KUJAWSKO-POMORSKIE|M|27|6
2022-08|04|WOJ. KUJAWSKO-POMORSKIE|M|24|8
2022-08|04|WOJ. KUJAWSKO-POMORSKIE|M|39|3
2022-08|04|WOJ. KUJAWSKO-POMORSKIE|M|41|2
2022-08|04|WOJ. KUJAWSKO-POMORSKIE|M|29|7
2022-08|04|WOJ. KUJAWSKO-POMORSKIE|M|25|3
2022-08|04|WOJ. KUJAWSKO-POMORSKIE|M|28|2
2022-08|04|WOJ. KUJAWSKO-POMORSKIE|M|40|2
2022-08|04|WOJ. KUJAWSKO-POMORSKIE|M|18|297
2022-08|04|WOJ. KUJAWSKO-POMORSKIE|M|16|41
2022-08|04|WOJ. KUJAWSKO-POMORSKIE|M|20|30
2022-08|06|WOJ. LUBELSKIE|K|46|1
2022-08|06|WOJ. LUBELSKIE|K|58|1
2022-08|06|WOJ. LUBELSKIE|K|34|12
2022-08|06|WOJ. LUBELSKIE|K|40|6
2022-08|06|WOJ. LUBELSKIE|K|62|1
2022-08|06|WOJ. LUBELSKIE|K|38|5
2022-08|06|WOJ. LUBELSKIE|K|65|1
2022-08|06|WOJ. LUBELSKIE|K|48|2
2022-08|06|WOJ. LUBELSKIE|K|44|3
2022-08|06|WOJ. LUBELSKIE|K|27|9
2022-08|06|WOJ. LUBELSKIE|K|53|2
2022-08|06|WOJ. LUBELSKIE|K|60|2
2022-08|06|WOJ. LUBELSKIE|K|55|3
2022-08|06|WOJ. LUBELSKIE|K|18|510
2022-08|06|WOJ. LUBELSKIE|K|28|9
2022-08|06|WOJ. LUBELSKIE|K|41|7
2022-08|06|WOJ. LUBELSKIE|K|22|11
2022-08|06|WOJ. LUBELSKIE|K|50|4
2022-08|06|WOJ. LUBELSKIE|K|14|2
2022-08|06|WOJ. LUBELSKIE|K|26|10
2022-08|06|WOJ. LUBELSKIE|K|43|2
2022-08|06|WOJ. LUBELSKIE|K|31|5
2022-08|06|WOJ. LUBELSKIE|K|39|4
2022-08|06|WOJ. LUBELSKIE|K|45|3
2022-08|06|WOJ. LUBELSKIE|K|15|2
2022-08|06|WOJ. LUBELSKIE|K|20|42
2022-08|06|WOJ. LUBELSKIE|K|16|3
2022-08|06|WOJ. LUBELSKIE|K|35|11
2022-08|06|WOJ. LUBELSKIE|K|24|11
2022-08|06|WOJ. LUBELSKIE|K|54|2
2022-08|06|WOJ. LUBELSKIE|K|25|14
2022-08|06|WOJ. LUBELSKIE|K|32|6
2022-08|06|WOJ. LUBELSKIE|K|51|4
2022-08|06|WOJ. LUBELSKIE|K|56|4
2022-08|06|WOJ. LUBELSKIE|K|49|2
2022-08|06|WOJ. LUBELSKIE|K|52|1
2022-08|06|WOJ. LUBELSKIE|K|19|119
2022-08|06|WOJ. LUBELSKIE|K|36|8
2022-08|06|WOJ. LUBELSKIE|K|33|8
2022-08|06|WOJ. LUBELSKIE|K|23|13
2022-08|06|WOJ. LUBELSKIE|K|42|4
2022-08|06|WOJ. LUBELSKIE|K|29|7
2022-08|06|WOJ. LUBELSKIE|K|17|4
2022-08|06|WOJ. LUBELSKIE|K|21|15
2022-08|06|WOJ. LUBELSKIE|K|30|14
2022-08|06|WOJ. LUBELSKIE|K|37|9
2022-08|06|WOJ. LUBELSKIE|K|47|3
2022-08|06|WOJ. LUBELSKIE|M|45|1
2022-08|06|WOJ. LUBELSKIE|M|21|12
2022-08|06|WOJ. LUBELSKIE|M|24|9
2022-08|06|WOJ. LUBELSKIE|M|57|2
2022-08|06|WOJ. LUBELSKIE|M|49|1
2022-08|06|WOJ. LUBELSKIE|M|25|5
2022-08|06|WOJ. LUBELSKIE|M|28|5
2022-08|06|WOJ. LUBELSKIE|M|32|5
2022-08|06|WOJ. LUBELSKIE|M|36|1
2022-08|06|WOJ. LUBELSKIE|M|47|2
2022-08|06|WOJ. LUBELSKIE|M|26|10
2022-08|06|WOJ. LUBELSKIE|M|27|6
2022-08|06|WOJ. LUBELSKIE|M|48|2
2022-08|06|WOJ. LUBELSKIE|M|55|1
2022-08|06|WOJ. LUBELSKIE|M|58|1
2022-08|06|WOJ. LUBELSKIE|M|16|62
2022-08|06|WOJ. LUBELSKIE|M|22|9
2022-08|06|WOJ. LUBELSKIE|M|23|7
2022-08|06|WOJ. LUBELSKIE|M|67|1
2022-08|06|WOJ. LUBELSKIE|M|40|5
2022-08|06|WOJ. LUBELSKIE|M|15|31
2022-08|06|WOJ. LUBELSKIE|M|14|17
2022-08|06|WOJ. LUBELSKIE|M|31|4
2022-08|06|WOJ. LUBELSKIE|M|30|2
2022-08|06|WOJ. LUBELSKIE|M|44|1
2022-08|06|WOJ. LUBELSKIE|M|64|1
2022-08|06|WOJ. LUBELSKIE|M|38|1
2022-08|06|WOJ. LUBELSKIE|M|29|6
2022-08|06|WOJ. LUBELSKIE|M|18|485
2022-08|06|WOJ. LUBELSKIE|M|41|5
2022-08|06|WOJ. LUBELSKIE|M|17|37
2022-08|06|WOJ. LUBELSKIE|M|35|1
2022-08|06|WOJ. LUBELSKIE|M|34|6
2022-08|06|WOJ. LUBELSKIE|M|53|1
2022-08|06|WOJ. LUBELSKIE|M|42|1
2022-08|06|WOJ. LUBELSKIE|M|19|92
2022-08|06|WOJ. LUBELSKIE|M|37|1
2022-08|06|WOJ. LUBELSKIE|M|33|3
2022-08|06|WOJ. LUBELSKIE|M|51|1
2022-08|06|WOJ. LUBELSKIE|M|46|1
2022-08|06|WOJ. LUBELSKIE|M|39|2
2022-08|06|WOJ. LUBELSKIE|M|20|30
2022-08|08|WOJ. LUBUSKIE|K|49|1
2022-08|08|WOJ. LUBUSKIE|K|44|1
2022-08|08|WOJ. LUBUSKIE|K|19|48
2022-08|08|WOJ. LUBUSKIE|K|45|2
2022-08|08|WOJ. LUBUSKIE|K|38|2
2022-08|08|WOJ. LUBUSKIE|K|28|6
2022-08|08|WOJ. LUBUSKIE|K|27|5
2022-08|08|WOJ. LUBUSKIE|K|20|10
2022-08|08|WOJ. LUBUSKIE|K|37|3
2022-08|08|WOJ. LUBUSKIE|K|54|2
2022-08|08|WOJ. LUBUSKIE|K|42|4
2022-08|08|WOJ. LUBUSKIE|K|22|5
2022-08|08|WOJ. LUBUSKIE|K|63|1
2022-08|08|WOJ. LUBUSKIE|K|58|1
2022-08|08|WOJ. LUBUSKIE|K|18|125
2022-08|08|WOJ. LUBUSKIE|K|16|2
2022-08|08|WOJ. LUBUSKIE|K|23|10
2022-08|08|WOJ. LUBUSKIE|K|41|3
2022-08|08|WOJ. LUBUSKIE|K|29|6
2022-08|08|WOJ. LUBUSKIE|K|53|1
2022-08|08|WOJ. LUBUSKIE|K|48|1
2022-08|08|WOJ. LUBUSKIE|K|50|1
2022-08|08|WOJ. LUBUSKIE|K|32|3
2022-08|08|WOJ. LUBUSKIE|K|34|2
2022-08|08|WOJ. LUBUSKIE|K|47|2
2022-08|08|WOJ. LUBUSKIE|K|39|3
2022-08|08|WOJ. LUBUSKIE|K|25|3
2022-08|08|WOJ. LUBUSKIE|K|21|8
2022-08|08|WOJ. LUBUSKIE|K|36|2
2022-08|08|WOJ. LUBUSKIE|K|43|2
2022-08|08|WOJ. LUBUSKIE|K|31|3
2022-08|08|WOJ. LUBUSKIE|K|33|1
2022-08|08|WOJ. LUBUSKIE|K|52|2
2022-08|08|WOJ. LUBUSKIE|K|26|6
2022-08|08|WOJ. LUBUSKIE|K|30|6
2022-08|08|WOJ. LUBUSKIE|K|40|2
2022-08|08|WOJ. LUBUSKIE|K|24|3
2022-08|08|WOJ. LUBUSKIE|K|35|3
2022-08|08|WOJ. LUBUSKIE|K|56|1
2022-08|08|WOJ. LUBUSKIE|K|60|3
2022-08|08|WOJ. LUBUSKIE|K|46|2
2022-08|08|WOJ. LUBUSKIE|M|46|1
2022-08|08|WOJ. LUBUSKIE|M|28|2
2022-08|08|WOJ. LUBUSKIE|M|32|7
2022-08|08|WOJ. LUBUSKIE|M|39|2
2022-08|08|WOJ. LUBUSKIE|M|24|3
2022-08|08|WOJ. LUBUSKIE|M|17|7
2022-08|08|WOJ. LUBUSKIE|M|59|1
2022-08|08|WOJ. LUBUSKIE|M|25|3
2022-08|08|WOJ. LUBUSKIE|M|23|3
2022-08|08|WOJ. LUBUSKIE|M|42|1
2022-08|08|WOJ. LUBUSKIE|M|43|1
2022-08|08|WOJ. LUBUSKIE|M|40|1
2022-08|08|WOJ. LUBUSKIE|M|18|159
2022-08|08|WOJ. LUBUSKIE|M|19|38
2022-08|08|WOJ. LUBUSKIE|M|16|9
2022-08|08|WOJ. LUBUSKIE|M|51|2
2022-08|08|WOJ. LUBUSKIE|M|27|4
2022-08|08|WOJ. LUBUSKIE|M|29|3
2022-08|08|WOJ. LUBUSKIE|M|15|3
2022-08|08|WOJ. LUBUSKIE|M|41|4
2022-08|08|WOJ. LUBUSKIE|M|36|5
2022-08|08|WOJ. LUBUSKIE|M|44|2
2022-08|08|WOJ. LUBUSKIE|M|38|2
2022-08|08|WOJ. LUBUSKIE|M|26|1
2022-08|08|WOJ. LUBUSKIE|M|33|1
2022-08|08|WOJ. LUBUSKIE|M|30|1
2022-08|08|WOJ. LUBUSKIE|M|21|9
2022-08|08|WOJ. LUBUSKIE|M|50|2
2022-08|08|WOJ. LUBUSKIE|M|57|1
2022-08|08|WOJ. LUBUSKIE|M|14|3
2022-08|08|WOJ. LUBUSKIE|M|20|12
2022-08|08|WOJ. LUBUSKIE|M|31|5
2022-08|08|WOJ. LUBUSKIE|M|22|1
2022-08|10|WOJ. ŁÓDZKIE|K|57|1
2022-08|10|WOJ. ŁÓDZKIE|K|39|5
2022-08|10|WOJ. ŁÓDZKIE|K|29|9
2022-08|10|WOJ. ŁÓDZKIE|K|50|3
2022-08|10|WOJ. ŁÓDZKIE|K|38|5
2022-08|10|WOJ. ŁÓDZKIE|K|21|12
2022-08|10|WOJ. ŁÓDZKIE|K|36|6
2022-08|10|WOJ. ŁÓDZKIE|K|46|1
2022-08|10|WOJ. ŁÓDZKIE|K|61|1
2022-08|10|WOJ. ŁÓDZKIE|K|63|1
2022-08|10|WOJ. ŁÓDZKIE|K|43|1
2022-08|10|WOJ. ŁÓDZKIE|K|51|1
2022-08|10|WOJ. ŁÓDZKIE|K|47|3
2022-08|10|WOJ. ŁÓDZKIE|K|16|4
2022-08|10|WOJ. ŁÓDZKIE|K|17|1
2022-08|10|WOJ. ŁÓDZKIE|K|48|2
2022-08|10|WOJ. ŁÓDZKIE|K|24|11
2022-08|10|WOJ. ŁÓDZKIE|K|42|6
2022-08|10|WOJ. ŁÓDZKIE|K|31|9
2022-08|10|WOJ. ŁÓDZKIE|K|53|1
2022-08|10|WOJ. ŁÓDZKIE|K|62|1
2022-08|10|WOJ. ŁÓDZKIE|K|41|1
2022-08|10|WOJ. ŁÓDZKIE|K|14|1
2022-08|10|WOJ. ŁÓDZKIE|K|55|1
2022-08|10|WOJ. ŁÓDZKIE|K|37|10
2022-08|10|WOJ. ŁÓDZKIE|K|23|6
2022-08|10|WOJ. ŁÓDZKIE|K|27|11
2022-08|10|WOJ. ŁÓDZKIE|K|49|2
2022-08|10|WOJ. ŁÓDZKIE|K|25|12
2022-08|10|WOJ. ŁÓDZKIE|K|33|4
2022-08|10|WOJ. ŁÓDZKIE|K|28|6
2022-08|10|WOJ. ŁÓDZKIE|K|58|1
2022-08|10|WOJ. ŁÓDZKIE|K|40|4
2022-08|10|WOJ. ŁÓDZKIE|K|30|7
2022-08|10|WOJ. ŁÓDZKIE|K|44|4
2022-08|10|WOJ. ŁÓDZKIE|K|18|403
2022-08|10|WOJ. ŁÓDZKIE|K|19|68
2022-08|10|WOJ. ŁÓDZKIE|K|34|2
2022-08|10|WOJ. ŁÓDZKIE|K|22|9
2022-08|10|WOJ. ŁÓDZKIE|K|15|2
2022-08|10|WOJ. ŁÓDZKIE|K|35|5
2022-08|10|WOJ. ŁÓDZKIE|K|32|2
2022-08|10|WOJ. ŁÓDZKIE|K|54|1
2022-08|10|WOJ. ŁÓDZKIE|K|20|32
2022-08|10|WOJ. ŁÓDZKIE|K|26|7
2022-08|10|WOJ. ŁÓDZKIE|M|21|21
2022-08|10|WOJ. ŁÓDZKIE|M|28|4
2022-08|10|WOJ. ŁÓDZKIE|M|37|5
2022-08|10|WOJ. ŁÓDZKIE|M|43|2
2022-08|10|WOJ. ŁÓDZKIE|M|35|2
2022-08|10|WOJ. ŁÓDZKIE|M|45|4
2022-08|10|WOJ. ŁÓDZKIE|M|46|1
2022-08|10|WOJ. ŁÓDZKIE|M|53|1
2022-08|10|WOJ. ŁÓDZKIE|M|19|72
2022-08|10|WOJ. ŁÓDZKIE|M|20|31
2022-08|10|WOJ. ŁÓDZKIE|M|32|8
2022-08|10|WOJ. ŁÓDZKIE|M|60|1
2022-08|10|WOJ. ŁÓDZKIE|M|34|4
2022-08|10|WOJ. ŁÓDZKIE|M|23|5
2022-08|10|WOJ. ŁÓDZKIE|M|27|2
2022-08|10|WOJ. ŁÓDZKIE|M|31|1
2022-08|10|WOJ. ŁÓDZKIE|M|30|3
2022-08|10|WOJ. ŁÓDZKIE|M|40|3
2022-08|10|WOJ. ŁÓDZKIE|M|25|2
2022-08|10|WOJ. ŁÓDZKIE|M|42|2
2022-08|10|WOJ. ŁÓDZKIE|M|14|16
2022-08|10|WOJ. ŁÓDZKIE|M|17|27
2022-08|10|WOJ. ŁÓDZKIE|M|15|13
2022-08|10|WOJ. ŁÓDZKIE|M|24|3
2022-08|10|WOJ. ŁÓDZKIE|M|48|2
2022-08|10|WOJ. ŁÓDZKIE|M|29|3
2022-08|10|WOJ. ŁÓDZKIE|M|36|2
2022-08|10|WOJ. ŁÓDZKIE|M|33|3
2022-08|10|WOJ. ŁÓDZKIE|M|41|2
2022-08|10|WOJ. ŁÓDZKIE|M|39|4
2022-08|10|WOJ. ŁÓDZKIE|M|50|1
2022-08|10|WOJ. ŁÓDZKIE|M|18|374
2022-08|10|WOJ. ŁÓDZKIE|M|58|1
2022-08|10|WOJ. ŁÓDZKIE|M|22|9
2022-08|10|WOJ. ŁÓDZKIE|M|44|1
2022-08|10|WOJ. ŁÓDZKIE|M|16|43
2022-08|10|WOJ. ŁÓDZKIE|M|26|5
2022-08|10|WOJ. ŁÓDZKIE|M|38|5
2022-08|12|WOJ. MAŁOPOLSKIE|K|22|29
2022-08|12|WOJ. MAŁOPOLSKIE|K|30|8
2022-08|12|WOJ. MAŁOPOLSKIE|K|24|18
2022-08|12|WOJ. MAŁOPOLSKIE|K|26|21
2022-08|12|WOJ. MAŁOPOLSKIE|K|42|4
2022-08|12|WOJ. MAŁOPOLSKIE|K|51|1
2022-08|12|WOJ. MAŁOPOLSKIE|K|18|547
2022-08|12|WOJ. MAŁOPOLSKIE|K|20|46
2022-08|12|WOJ. MAŁOPOLSKIE|K|27|13
2022-08|12|WOJ. MAŁOPOLSKIE|K|41|1
2022-08|12|WOJ. MAŁOPOLSKIE|K|65|1
2022-08|12|WOJ. MAŁOPOLSKIE|K|60|1
2022-08|12|WOJ. MAŁOPOLSKIE|K|46|4
2022-08|12|WOJ. MAŁOPOLSKIE|K|32|13
2022-08|12|WOJ. MAŁOPOLSKIE|K|44|2
2022-08|12|WOJ. MAŁOPOLSKIE|K|34|13
2022-08|12|WOJ. MAŁOPOLSKIE|K|48|1
2022-08|12|WOJ. MAŁOPOLSKIE|K|40|5
2022-08|12|WOJ. MAŁOPOLSKIE|K|19|142
2022-08|12|WOJ. MAŁOPOLSKIE|K|16|3
2022-08|12|WOJ. MAŁOPOLSKIE|K|29|15
2022-08|12|WOJ. MAŁOPOLSKIE|K|49|2
2022-08|12|WOJ. MAŁOPOLSKIE|K|45|5
2022-08|12|WOJ. MAŁOPOLSKIE|K|43|5
2022-08|12|WOJ. MAŁOPOLSKIE|K|25|10
2022-08|12|WOJ. MAŁOPOLSKIE|K|17|4
2022-08|12|WOJ. MAŁOPOLSKIE|K|35|17
2022-08|12|WOJ. MAŁOPOLSKIE|K|15|2
2022-08|12|WOJ. MAŁOPOLSKIE|K|14|2
2022-08|12|WOJ. MAŁOPOLSKIE|K|21|36
2022-08|12|WOJ. MAŁOPOLSKIE|K|28|16
2022-08|12|WOJ. MAŁOPOLSKIE|K|56|3
2022-08|12|WOJ. MAŁOPOLSKIE|K|39|2
2022-08|12|WOJ. MAŁOPOLSKIE|K|59|1
2022-08|12|WOJ. MAŁOPOLSKIE|K|55|1
2022-08|12|WOJ. MAŁOPOLSKIE|K|31|9
2022-08|12|WOJ. MAŁOPOLSKIE|K|33|12
2022-08|12|WOJ. MAŁOPOLSKIE|K|36|13
2022-08|12|WOJ. MAŁOPOLSKIE|K|50|3
2022-08|12|WOJ. MAŁOPOLSKIE|K|23|26
2022-08|12|WOJ. MAŁOPOLSKIE|K|52|3
2022-08|12|WOJ. MAŁOPOLSKIE|K|37|6
2022-08|12|WOJ. MAŁOPOLSKIE|K|57|1
2022-08|12|WOJ. MAŁOPOLSKIE|K|38|4
2022-08|12|WOJ. MAŁOPOLSKIE|M|20|40
2022-08|12|WOJ. MAŁOPOLSKIE|M|25|6
2022-08|12|WOJ. MAŁOPOLSKIE|M|31|9
2022-08|12|WOJ. MAŁOPOLSKIE|M|21|20
2022-08|12|WOJ. MAŁOPOLSKIE|M|15|32
2022-08|12|WOJ. MAŁOPOLSKIE|M|29|4
2022-08|12|WOJ. MAŁOPOLSKIE|M|32|8
2022-08|12|WOJ. MAŁOPOLSKIE|M|18|572
2022-08|12|WOJ. MAŁOPOLSKIE|M|19|126
2022-08|12|WOJ. MAŁOPOLSKIE|M|14|24
2022-08|12|WOJ. MAŁOPOLSKIE|M|26|12
2022-08|12|WOJ. MAŁOPOLSKIE|M|34|1
2022-08|12|WOJ. MAŁOPOLSKIE|M|42|2
2022-08|12|WOJ. MAŁOPOLSKIE|M|37|5
2022-08|12|WOJ. MAŁOPOLSKIE|M|43|3
2022-08|12|WOJ. MAŁOPOLSKIE|M|47|2
2022-08|12|WOJ. MAŁOPOLSKIE|M|46|2
2022-08|12|WOJ. MAŁOPOLSKIE|M|54|2
2022-08|12|WOJ. MAŁOPOLSKIE|M|41|5
2022-08|12|WOJ. MAŁOPOLSKIE|M|27|9
2022-08|12|WOJ. MAŁOPOLSKIE|M|38|1
2022-08|12|WOJ. MAŁOPOLSKIE|M|22|14
2022-08|12|WOJ. MAŁOPOLSKIE|M|44|1
2022-08|12|WOJ. MAŁOPOLSKIE|M|36|5
2022-08|12|WOJ. MAŁOPOLSKIE|M|24|6
2022-08|12|WOJ. MAŁOPOLSKIE|M|53|1
2022-08|12|WOJ. MAŁOPOLSKIE|M|35|5
2022-08|12|WOJ. MAŁOPOLSKIE|M|17|30
2022-08|12|WOJ. MAŁOPOLSKIE|M|23|19
2022-08|12|WOJ. MAŁOPOLSKIE|M|64|1
2022-08|12|WOJ. MAŁOPOLSKIE|M|50|1
2022-08|12|WOJ. MAŁOPOLSKIE|M|16|39
2022-08|12|WOJ. MAŁOPOLSKIE|M|33|4
2022-08|12|WOJ. MAŁOPOLSKIE|M|28|11
2022-08|12|WOJ. MAŁOPOLSKIE|M|57|2
2022-08|12|WOJ. MAŁOPOLSKIE|M|40|2
2022-08|12|WOJ. MAŁOPOLSKIE|M|30|5
2022-08|12|WOJ. MAŁOPOLSKIE|M|49|1
2022-08|12|WOJ. MAŁOPOLSKIE|M|52|1
2022-08|14|WOJ. MAZOWIECKIE|K|55|2
2022-08|14|WOJ. MAZOWIECKIE|K|16|4
2022-08|14|WOJ. MAZOWIECKIE|K|61|1
2022-08|14|WOJ. MAZOWIECKIE|K|62|1
2022-08|14|WOJ. MAZOWIECKIE|K|44|5
2022-08|14|WOJ. MAZOWIECKIE|K|42|5
2022-08|14|WOJ. MAZOWIECKIE|K|59|2
2022-08|14|WOJ. MAZOWIECKIE|K|56|1
2022-08|14|WOJ. MAZOWIECKIE|K|20|93
2022-08|14|WOJ. MAZOWIECKIE|K|30|41
2022-08|14|WOJ. MAZOWIECKIE|K|53|4
2022-08|14|WOJ. MAZOWIECKIE|K|35|20
2022-08|14|WOJ. MAZOWIECKIE|K|41|7
2022-08|14|WOJ. MAZOWIECKIE|K|28|29
2022-08|14|WOJ. MAZOWIECKIE|K|38|14
2022-08|14|WOJ. MAZOWIECKIE|K|17|5
2022-08|14|WOJ. MAZOWIECKIE|K|50|3
2022-08|14|WOJ. MAZOWIECKIE|K|51|3
2022-08|14|WOJ. MAZOWIECKIE|K|32|27
2022-08|14|WOJ. MAZOWIECKIE|K|25|33
2022-08|14|WOJ. MAZOWIECKIE|K|54|5
2022-08|14|WOJ. MAZOWIECKIE|K|40|11
2022-08|14|WOJ. MAZOWIECKIE|K|15|2
2022-08|14|WOJ. MAZOWIECKIE|K|14|2
2022-08|14|WOJ. MAZOWIECKIE|K|34|24
2022-08|14|WOJ. MAZOWIECKIE|K|23|40
2022-08|14|WOJ. MAZOWIECKIE|K|57|1
2022-08|14|WOJ. MAZOWIECKIE|K|43|7
2022-08|14|WOJ. MAZOWIECKIE|K|67|1
2022-08|14|WOJ. MAZOWIECKIE|K|24|26
2022-08|14|WOJ. MAZOWIECKIE|K|29|33
2022-08|14|WOJ. MAZOWIECKIE|K|31|25
2022-08|14|WOJ. MAZOWIECKIE|K|27|34
2022-08|14|WOJ. MAZOWIECKIE|K|45|7
2022-08|14|WOJ. MAZOWIECKIE|K|64|1
2022-08|14|WOJ. MAZOWIECKIE|K|47|2
2022-08|14|WOJ. MAZOWIECKIE|K|58|1
2022-08|14|WOJ. MAZOWIECKIE|K|33|23
2022-08|14|WOJ. MAZOWIECKIE|K|48|6
2022-08|14|WOJ. MAZOWIECKIE|K|37|17
2022-08|14|WOJ. MAZOWIECKIE|K|39|25
2022-08|14|WOJ. MAZOWIECKIE|K|46|5
2022-08|14|WOJ. MAZOWIECKIE|K|36|13
2022-08|14|WOJ. MAZOWIECKIE|K|19|263
2022-08|14|WOJ. MAZOWIECKIE|K|18|776
2022-08|14|WOJ. MAZOWIECKIE|K|21|61
2022-08|14|WOJ. MAZOWIECKIE|K|26|45
2022-08|14|WOJ. MAZOWIECKIE|K|22|43
2022-08|14|WOJ. MAZOWIECKIE|K|49|7
2022-08|14|WOJ. MAZOWIECKIE|K|52|1
2022-08|14|WOJ. MAZOWIECKIE|M|50|2
2022-08|14|WOJ. MAZOWIECKIE|M|46|4
2022-08|14|WOJ. MAZOWIECKIE|M|54|1
2022-08|14|WOJ. MAZOWIECKIE|M|48|2
2022-08|14|WOJ. MAZOWIECKIE|M|30|17
2022-08|14|WOJ. MAZOWIECKIE|M|49|6
2022-08|14|WOJ. MAZOWIECKIE|M|23|20
2022-08|14|WOJ. MAZOWIECKIE|M|22|43
2022-08|14|WOJ. MAZOWIECKIE|M|38|11
2022-08|14|WOJ. MAZOWIECKIE|M|55|1
2022-08|14|WOJ. MAZOWIECKIE|M|37|10
2022-08|14|WOJ. MAZOWIECKIE|M|53|1
2022-08|14|WOJ. MAZOWIECKIE|M|43|10
2022-08|14|WOJ. MAZOWIECKIE|M|36|10
2022-08|14|WOJ. MAZOWIECKIE|M|24|27
2022-08|14|WOJ. MAZOWIECKIE|M|61|1
2022-08|14|WOJ. MAZOWIECKIE|M|33|12
2022-08|14|WOJ. MAZOWIECKIE|M|51|3
2022-08|14|WOJ. MAZOWIECKIE|M|15|36
2022-08|14|WOJ. MAZOWIECKIE|M|26|22
2022-08|14|WOJ. MAZOWIECKIE|M|47|2
2022-08|14|WOJ. MAZOWIECKIE|M|56|1
2022-08|14|WOJ. MAZOWIECKIE|M|29|15
2022-08|14|WOJ. MAZOWIECKIE|M|40|4
2022-08|14|WOJ. MAZOWIECKIE|M|32|20
2022-08|14|WOJ. MAZOWIECKIE|M|16|61
2022-08|14|WOJ. MAZOWIECKIE|M|21|42
2022-08|14|WOJ. MAZOWIECKIE|M|34|13
2022-08|14|WOJ. MAZOWIECKIE|M|27|17
2022-08|14|WOJ. MAZOWIECKIE|M|45|3
2022-08|14|WOJ. MAZOWIECKIE|M|41|9
2022-08|14|WOJ. MAZOWIECKIE|M|42|4
2022-08|14|WOJ. MAZOWIECKIE|M|52|2
2022-08|14|WOJ. MAZOWIECKIE|M|18|875
2022-08|14|WOJ. MAZOWIECKIE|M|19|241
2022-08|14|WOJ. MAZOWIECKIE|M|20|108
2022-08|14|WOJ. MAZOWIECKIE|M|28|14
2022-08|14|WOJ. MAZOWIECKIE|M|14|27
2022-08|14|WOJ. MAZOWIECKIE|M|17|52
2022-08|14|WOJ. MAZOWIECKIE|M|35|17
2022-08|14|WOJ. MAZOWIECKIE|M|25|28
2022-08|14|WOJ. MAZOWIECKIE|M|58|1
2022-08|14|WOJ. MAZOWIECKIE|M|31|11
2022-08|14|WOJ. MAZOWIECKIE|M|39|4
2022-08|16|WOJ. OPOLSKIE|K|27|5
2022-08|16|WOJ. OPOLSKIE|K|54|1
2022-08|16|WOJ. OPOLSKIE|K|34|5
2022-08|16|WOJ. OPOLSKIE|K|23|6
2022-08|16|WOJ. OPOLSKIE|K|21|7
2022-08|16|WOJ. OPOLSKIE|K|39|2
2022-08|16|WOJ. OPOLSKIE|K|45|1
2022-08|16|WOJ. OPOLSKIE|K|40|2
2022-08|16|WOJ. OPOLSKIE|K|58|1
2022-08|16|WOJ. OPOLSKIE|K|15|2
2022-08|16|WOJ. OPOLSKIE|K|19|39
2022-08|16|WOJ. OPOLSKIE|K|28|8
2022-08|16|WOJ. OPOLSKIE|K|68|1
2022-08|16|WOJ. OPOLSKIE|K|32|5
2022-08|16|WOJ. OPOLSKIE|K|48|3
2022-08|16|WOJ. OPOLSKIE|K|36|2
2022-08|16|WOJ. OPOLSKIE|K|25|2
2022-08|16|WOJ. OPOLSKIE|K|44|2
2022-08|16|WOJ. OPOLSKIE|K|31|3
2022-08|16|WOJ. OPOLSKIE|K|41|2
2022-08|16|WOJ. OPOLSKIE|K|35|4
2022-08|16|WOJ. OPOLSKIE|K|33|3
2022-08|16|WOJ. OPOLSKIE|K|29|3
2022-08|16|WOJ. OPOLSKIE|K|22|9
2022-08|16|WOJ. OPOLSKIE|K|26|3
2022-08|16|WOJ. OPOLSKIE|K|24|5
2022-08|16|WOJ. OPOLSKIE|K|20|11
2022-08|16|WOJ. OPOLSKIE|K|18|128
2022-08|16|WOJ. OPOLSKIE|K|42|3
2022-08|16|WOJ. OPOLSKIE|K|17|3
2022-08|16|WOJ. OPOLSKIE|K|46|2
2022-08|16|WOJ. OPOLSKIE|K|14|5
2022-08|16|WOJ. OPOLSKIE|K|30|4
2022-08|16|WOJ. OPOLSKIE|K|43|2
2022-08|16|WOJ. OPOLSKIE|M|55|1
2022-08|16|WOJ. OPOLSKIE|M|45|1
2022-08|16|WOJ. OPOLSKIE|M|38|1
2022-08|16|WOJ. OPOLSKIE|M|16|11
2022-08|16|WOJ. OPOLSKIE|M|40|3
2022-08|16|WOJ. OPOLSKIE|M|27|5
2022-08|16|WOJ. OPOLSKIE|M|18|147
2022-08|16|WOJ. OPOLSKIE|M|42|2
2022-08|16|WOJ. OPOLSKIE|M|17|18
2022-08|16|WOJ. OPOLSKIE|M|35|1
2022-08|16|WOJ. OPOLSKIE|M|26|6
2022-08|16|WOJ. OPOLSKIE|M|36|8
2022-08|16|WOJ. OPOLSKIE|M|23|3
2022-08|16|WOJ. OPOLSKIE|M|22|3
2022-08|16|WOJ. OPOLSKIE|M|33|1
2022-08|16|WOJ. OPOLSKIE|M|39|1
2022-08|16|WOJ. OPOLSKIE|M|32|1
2022-08|16|WOJ. OPOLSKIE|M|37|2
2022-08|16|WOJ. OPOLSKIE|M|24|2
2022-08|16|WOJ. OPOLSKIE|M|19|32
2022-08|16|WOJ. OPOLSKIE|M|15|13
2022-08|16|WOJ. OPOLSKIE|M|20|8
2022-08|16|WOJ. OPOLSKIE|M|14|17
2022-08|16|WOJ. OPOLSKIE|M|28|1
2022-08|16|WOJ. OPOLSKIE|M|31|5
2022-08|16|WOJ. OPOLSKIE|M|41|2
2022-08|16|WOJ. OPOLSKIE|M|46|1
2022-08|16|WOJ. OPOLSKIE|M|30|6
2022-08|16|WOJ. OPOLSKIE|M|21|9
2022-08|16|WOJ. OPOLSKIE|M|25|4
2022-08|18|WOJ. PODKARPACKIE|K|41|3
2022-08|18|WOJ. PODKARPACKIE|K|32|10
2022-08|18|WOJ. PODKARPACKIE|K|34|4
2022-08|18|WOJ. PODKARPACKIE|K|21|9
2022-08|18|WOJ. PODKARPACKIE|K|33|7
2022-08|18|WOJ. PODKARPACKIE|K|47|1
2022-08|18|WOJ. PODKARPACKIE|K|46|3
2022-08|18|WOJ. PODKARPACKIE|K|27|7
2022-08|18|WOJ. PODKARPACKIE|K|61|1
2022-08|18|WOJ. PODKARPACKIE|K|18|403
2022-08|18|WOJ. PODKARPACKIE|K|28|5
2022-08|18|WOJ. PODKARPACKIE|K|57|1
2022-08|18|WOJ. PODKARPACKIE|K|17|4
2022-08|18|WOJ. PODKARPACKIE|K|38|2
2022-08|18|WOJ. PODKARPACKIE|K|54|1
2022-08|18|WOJ. PODKARPACKIE|K|20|31
2022-08|18|WOJ. PODKARPACKIE|K|26|8
2022-08|18|WOJ. PODKARPACKIE|K|15|3
2022-08|18|WOJ. PODKARPACKIE|K|30|7
2022-08|18|WOJ. PODKARPACKIE|K|45|2
2022-08|18|WOJ. PODKARPACKIE|K|24|8
2022-08|18|WOJ. PODKARPACKIE|K|56|1
2022-08|18|WOJ. PODKARPACKIE|K|52|1
2022-08|18|WOJ. PODKARPACKIE|K|19|91
2022-08|18|WOJ. PODKARPACKIE|K|16|6
2022-08|18|WOJ. PODKARPACKIE|K|36|3
2022-08|18|WOJ. PODKARPACKIE|K|35|4
2022-08|18|WOJ. PODKARPACKIE|K|48|1
2022-08|18|WOJ. PODKARPACKIE|K|14|1
2022-08|18|WOJ. PODKARPACKIE|K|59|1
2022-08|18|WOJ. PODKARPACKIE|K|50|2
2022-08|18|WOJ. PODKARPACKIE|K|37|4
2022-08|18|WOJ. PODKARPACKIE|K|22|6
2022-08|18|WOJ. PODKARPACKIE|K|25|5
2022-08|18|WOJ. PODKARPACKIE|K|42|3
2022-08|18|WOJ. PODKARPACKIE|K|31|9
2022-08|18|WOJ. PODKARPACKIE|K|29|6
2022-08|18|WOJ. PODKARPACKIE|K|51|1
2022-08|18|WOJ. PODKARPACKIE|K|23|3
2022-08|18|WOJ. PODKARPACKIE|K|40|3
2022-08|18|WOJ. PODKARPACKIE|K|39|4
2022-08|18|WOJ. PODKARPACKIE|M|36|4
2022-08|18|WOJ. PODKARPACKIE|M|32|4
2022-08|18|WOJ. PODKARPACKIE|M|37|2
2022-08|18|WOJ. PODKARPACKIE|M|18|410
2022-08|18|WOJ. PODKARPACKIE|M|53|1
2022-08|18|WOJ. PODKARPACKIE|M|39|1
2022-08|18|WOJ. PODKARPACKIE|M|66|1
2022-08|18|WOJ. PODKARPACKIE|M|28|2
2022-08|18|WOJ. PODKARPACKIE|M|30|2
2022-08|18|WOJ. PODKARPACKIE|M|47|1
2022-08|18|WOJ. PODKARPACKIE|M|43|1
2022-08|18|WOJ. PODKARPACKIE|M|19|70
2022-08|18|WOJ. PODKARPACKIE|M|17|17
2022-08|18|WOJ. PODKARPACKIE|M|40|2
2022-08|18|WOJ. PODKARPACKIE|M|21|10
2022-08|18|WOJ. PODKARPACKIE|M|25|4
2022-08|18|WOJ. PODKARPACKIE|M|29|5
2022-08|18|WOJ. PODKARPACKIE|M|56|1
2022-08|18|WOJ. PODKARPACKIE|M|16|47
2022-08|18|WOJ. PODKARPACKIE|M|23|10
2022-08|18|WOJ. PODKARPACKIE|M|26|4
2022-08|18|WOJ. PODKARPACKIE|M|38|1
2022-08|18|WOJ. PODKARPACKIE|M|63|1
2022-08|18|WOJ. PODKARPACKIE|M|44|1
2022-08|18|WOJ. PODKARPACKIE|M|35|1
2022-08|18|WOJ. PODKARPACKIE|M|41|2
2022-08|18|WOJ. PODKARPACKIE|M|20|22
2022-08|18|WOJ. PODKARPACKIE|M|22|6
2022-08|18|WOJ. PODKARPACKIE|M|15|16
2022-08|18|WOJ. PODKARPACKIE|M|31|3
2022-08|18|WOJ. PODKARPACKIE|M|27|2
2022-08|18|WOJ. PODKARPACKIE|M|54|1
2022-08|18|WOJ. PODKARPACKIE|M|24|2
2022-08|18|WOJ. PODKARPACKIE|M|34|4
2022-08|18|WOJ. PODKARPACKIE|M|33|3
2022-08|18|WOJ. PODKARPACKIE|M|42|4
2022-08|18|WOJ. PODKARPACKIE|M|14|16
2022-08|20|WOJ. PODLASKIE|K|18|237
2022-08|20|WOJ. PODLASKIE|K|40|3
2022-08|20|WOJ. PODLASKIE|K|20|16
2022-08|20|WOJ. PODLASKIE|K|36|4
2022-08|20|WOJ. PODLASKIE|K|45|1
2022-08|20|WOJ. PODLASKIE|K|19|60
2022-08|20|WOJ. PODLASKIE|K|39|7
2022-08|20|WOJ. PODLASKIE|K|52|3
2022-08|20|WOJ. PODLASKIE|K|31|1
2022-08|20|WOJ. PODLASKIE|K|30|6
2022-08|20|WOJ. PODLASKIE|K|15|2
2022-08|20|WOJ. PODLASKIE|K|35|3
2022-08|20|WOJ. PODLASKIE|K|44|1
2022-08|20|WOJ. PODLASKIE|K|21|11
2022-08|20|WOJ. PODLASKIE|K|54|2
2022-08|20|WOJ. PODLASKIE|K|26|3
2022-08|20|WOJ. PODLASKIE|K|42|1
2022-08|20|WOJ. PODLASKIE|K|32|5
2022-08|20|WOJ. PODLASKIE|K|50|3
2022-08|20|WOJ. PODLASKIE|K|46|1
2022-08|20|WOJ. PODLASKIE|K|34|9
2022-08|20|WOJ. PODLASKIE|K|29|6
2022-08|20|WOJ. PODLASKIE|K|22|5
2022-08|20|WOJ. PODLASKIE|K|58|1
2022-08|20|WOJ. PODLASKIE|K|28|9
2022-08|20|WOJ. PODLASKIE|K|59|1
2022-08|20|WOJ. PODLASKIE|K|38|2
2022-08|20|WOJ. PODLASKIE|K|47|3
2022-08|20|WOJ. PODLASKIE|K|14|2
2022-08|20|WOJ. PODLASKIE|K|43|1
2022-08|20|WOJ. PODLASKIE|K|55|1
2022-08|20|WOJ. PODLASKIE|K|25|5
2022-08|20|WOJ. PODLASKIE|K|37|6
2022-08|20|WOJ. PODLASKIE|K|48|2
2022-08|20|WOJ. PODLASKIE|K|24|4
2022-08|20|WOJ. PODLASKIE|K|27|5
2022-08|20|WOJ. PODLASKIE|K|23|5
2022-08|20|WOJ. PODLASKIE|K|16|9
2022-08|20|WOJ. PODLASKIE|K|57|1
2022-08|20|WOJ. PODLASKIE|K|41|1
2022-08|20|WOJ. PODLASKIE|M|14|20
2022-08|20|WOJ. PODLASKIE|M|32|2
2022-08|20|WOJ. PODLASKIE|M|35|3
2022-08|20|WOJ. PODLASKIE|M|45|1
2022-08|20|WOJ. PODLASKIE|M|18|223
2022-08|20|WOJ. PODLASKIE|M|19|52
2022-08|20|WOJ. PODLASKIE|M|30|1
2022-08|20|WOJ. PODLASKIE|M|39|2
2022-08|20|WOJ. PODLASKIE|M|25|4
2022-08|20|WOJ. PODLASKIE|M|42|1
2022-08|20|WOJ. PODLASKIE|M|27|1
2022-08|20|WOJ. PODLASKIE|M|21|3
2022-08|20|WOJ. PODLASKIE|M|26|2
2022-08|20|WOJ. PODLASKIE|M|55|1
2022-08|20|WOJ. PODLASKIE|M|24|4
2022-08|20|WOJ. PODLASKIE|M|49|2
2022-08|20|WOJ. PODLASKIE|M|34|2
2022-08|20|WOJ. PODLASKIE|M|22|5
2022-08|20|WOJ. PODLASKIE|M|58|1
2022-08|20|WOJ. PODLASKIE|M|50|2
2022-08|20|WOJ. PODLASKIE|M|38|3
2022-08|20|WOJ. PODLASKIE|M|36|3
2022-08|20|WOJ. PODLASKIE|M|33|3
2022-08|20|WOJ. PODLASKIE|M|17|26
2022-08|20|WOJ. PODLASKIE|M|28|4
2022-08|20|WOJ. PODLASKIE|M|43|2
2022-08|20|WOJ. PODLASKIE|M|37|1
2022-08|20|WOJ. PODLASKIE|M|23|5
2022-08|20|WOJ. PODLASKIE|M|41|1
2022-08|20|WOJ. PODLASKIE|M|51|1
2022-08|20|WOJ. PODLASKIE|M|20|14
2022-08|20|WOJ. PODLASKIE|M|31|4
2022-08|20|WOJ. PODLASKIE|M|15|8
2022-08|20|WOJ. PODLASKIE|M|16|33
2022-08|20|WOJ. PODLASKIE|M|29|5
2022-08|22|WOJ. POMORSKIE|K|19|108
2022-08|22|WOJ. POMORSKIE|K|29|18
2022-08|22|WOJ. POMORSKIE|K|21|33
2022-08|22|WOJ. POMORSKIE|K|63|1
2022-08|22|WOJ. POMORSKIE|K|60|1
2022-08|22|WOJ. POMORSKIE|K|39|9
2022-08|22|WOJ. POMORSKIE|K|42|7
2022-08|22|WOJ. POMORSKIE|K|25|26
2022-08|22|WOJ. POMORSKIE|K|48|1
2022-08|22|WOJ. POMORSKIE|K|58|1
2022-08|22|WOJ. POMORSKIE|K|49|2
2022-08|22|WOJ. POMORSKIE|K|51|3
2022-08|22|WOJ. POMORSKIE|K|41|6
2022-08|22|WOJ. POMORSKIE|K|43|5
2022-08|22|WOJ. POMORSKIE|K|57|3
2022-08|22|WOJ. POMORSKIE|K|23|18
2022-08|22|WOJ. POMORSKIE|K|22|30
2022-08|22|WOJ. POMORSKIE|K|40|6
2022-08|22|WOJ. POMORSKIE|K|37|5
2022-08|22|WOJ. POMORSKIE|K|35|9
2022-08|22|WOJ. POMORSKIE|K|15|2
2022-08|22|WOJ. POMORSKIE|K|28|12
2022-08|22|WOJ. POMORSKIE|K|31|11
2022-08|22|WOJ. POMORSKIE|K|44|4
2022-08|22|WOJ. POMORSKIE|K|46|1
2022-08|22|WOJ. POMORSKIE|K|26|25
2022-08|22|WOJ. POMORSKIE|K|34|8
2022-08|22|WOJ. POMORSKIE|K|38|7
2022-08|22|WOJ. POMORSKIE|K|30|14
2022-08|22|WOJ. POMORSKIE|K|24|20
2022-08|22|WOJ. POMORSKIE|K|55|3
2022-08|22|WOJ. POMORSKIE|K|59|1
2022-08|22|WOJ. POMORSKIE|K|53|2
2022-08|22|WOJ. POMORSKIE|K|50|1
2022-08|22|WOJ. POMORSKIE|K|45|5
2022-08|22|WOJ. POMORSKIE|K|52|1
2022-08|22|WOJ. POMORSKIE|K|16|2
2022-08|22|WOJ. POMORSKIE|K|20|35
2022-08|22|WOJ. POMORSKIE|K|36|12
2022-08|22|WOJ. POMORSKIE|K|32|10
2022-08|22|WOJ. POMORSKIE|K|54|2
2022-08|22|WOJ. POMORSKIE|K|14|5
2022-08|22|WOJ. POMORSKIE|K|18|319
2022-08|22|WOJ. POMORSKIE|K|27|17
2022-08|22|WOJ. POMORSKIE|K|17|3
2022-08|22|WOJ. POMORSKIE|K|33|11
2022-08|22|WOJ. POMORSKIE|K|47|3
2022-08|22|WOJ. POMORSKIE|M|18|375
2022-08|22|WOJ. POMORSKIE|M|27|9
2022-08|22|WOJ. POMORSKIE|M|34|14
2022-08|22|WOJ. POMORSKIE|M|16|30
2022-08|22|WOJ. POMORSKIE|M|35|8
2022-08|22|WOJ. POMORSKIE|M|36|9
2022-08|22|WOJ. POMORSKIE|M|43|3
2022-08|22|WOJ. POMORSKIE|M|44|3
2022-08|22|WOJ. POMORSKIE|M|57|1
2022-08|22|WOJ. POMORSKIE|M|40|5
2022-08|22|WOJ. POMORSKIE|M|20|49
2022-08|22|WOJ. POMORSKIE|M|30|12
2022-08|22|WOJ. POMORSKIE|M|47|2
2022-08|22|WOJ. POMORSKIE|M|14|13
2022-08|22|WOJ. POMORSKIE|M|21|17
2022-08|22|WOJ. POMORSKIE|M|24|18
2022-08|22|WOJ. POMORSKIE|M|32|10
2022-08|22|WOJ. POMORSKIE|M|25|10
2022-08|22|WOJ. POMORSKIE|M|45|1
2022-08|22|WOJ. POMORSKIE|M|41|3
2022-08|22|WOJ. POMORSKIE|M|28|10
2022-08|22|WOJ. POMORSKIE|M|15|21
2022-08|22|WOJ. POMORSKIE|M|31|10
2022-08|22|WOJ. POMORSKIE|M|38|2
2022-08|22|WOJ. POMORSKIE|M|50|1
2022-08|22|WOJ. POMORSKIE|M|39|4
2022-08|22|WOJ. POMORSKIE|M|19|138
2022-08|22|WOJ. POMORSKIE|M|26|13
2022-08|22|WOJ. POMORSKIE|M|29|8
2022-08|22|WOJ. POMORSKIE|M|51|1
2022-08|22|WOJ. POMORSKIE|M|22|23
2022-08|22|WOJ. POMORSKIE|M|33|10
2022-08|22|WOJ. POMORSKIE|M|37|5
2022-08|22|WOJ. POMORSKIE|M|54|1
2022-08|22|WOJ. POMORSKIE|M|48|2
2022-08|22|WOJ. POMORSKIE|M|42|1
2022-08|22|WOJ. POMORSKIE|M|58|1
2022-08|22|WOJ. POMORSKIE|M|23|16
2022-08|22|WOJ. POMORSKIE|M|17|27
2022-08|24|WOJ. ŚLĄSKIE|K|53|1
2022-08|24|WOJ. ŚLĄSKIE|K|42|5
2022-08|24|WOJ. ŚLĄSKIE|K|35|13
2022-08|24|WOJ. ŚLĄSKIE|K|41|4
2022-08|24|WOJ. ŚLĄSKIE|K|22|32
2022-08|24|WOJ. ŚLĄSKIE|K|46|7
2022-08|24|WOJ. ŚLĄSKIE|K|38|13
2022-08|24|WOJ. ŚLĄSKIE|K|37|12
2022-08|24|WOJ. ŚLĄSKIE|K|51|1
2022-08|24|WOJ. ŚLĄSKIE|K|27|25
2022-08|24|WOJ. ŚLĄSKIE|K|31|18
2022-08|24|WOJ. ŚLĄSKIE|K|47|4
2022-08|24|WOJ. ŚLĄSKIE|K|44|7
2022-08|24|WOJ. ŚLĄSKIE|K|30|26
2022-08|24|WOJ. ŚLĄSKIE|K|28|21
2022-08|24|WOJ. ŚLĄSKIE|K|14|1
2022-08|24|WOJ. ŚLĄSKIE|K|36|15
2022-08|24|WOJ. ŚLĄSKIE|K|39|10
2022-08|24|WOJ. ŚLĄSKIE|K|43|13
2022-08|24|WOJ. ŚLĄSKIE|K|16|3
2022-08|24|WOJ. ŚLĄSKIE|K|50|4
2022-08|24|WOJ. ŚLĄSKIE|K|34|15
2022-08|24|WOJ. ŚLĄSKIE|K|49|1
2022-08|24|WOJ. ŚLĄSKIE|K|52|2
2022-08|24|WOJ. ŚLĄSKIE|K|25|16
2022-08|24|WOJ. ŚLĄSKIE|K|45|6
2022-08|24|WOJ. ŚLĄSKIE|K|24|31
2022-08|24|WOJ. ŚLĄSKIE|K|18|601
2022-08|24|WOJ. ŚLĄSKIE|K|33|13
2022-08|24|WOJ. ŚLĄSKIE|K|40|11
2022-08|24|WOJ. ŚLĄSKIE|K|54|1
2022-08|24|WOJ. ŚLĄSKIE|K|55|3
2022-08|24|WOJ. ŚLĄSKIE|K|62|1
2022-08|24|WOJ. ŚLĄSKIE|K|68|1
2022-08|24|WOJ. ŚLĄSKIE|K|60|1
2022-08|24|WOJ. ŚLĄSKIE|K|19|170
2022-08|24|WOJ. ŚLĄSKIE|K|29|20
2022-08|24|WOJ. ŚLĄSKIE|K|23|22
2022-08|24|WOJ. ŚLĄSKIE|K|20|62
2022-08|24|WOJ. ŚLĄSKIE|K|48|3
2022-08|24|WOJ. ŚLĄSKIE|K|21|51
2022-08|24|WOJ. ŚLĄSKIE|K|26|23
2022-08|24|WOJ. ŚLĄSKIE|K|17|6
2022-08|24|WOJ. ŚLĄSKIE|K|32|17
2022-08|24|WOJ. ŚLĄSKIE|M|53|2
2022-08|24|WOJ. ŚLĄSKIE|M|56|1
2022-08|24|WOJ. ŚLĄSKIE|M|21|39
2022-08|24|WOJ. ŚLĄSKIE|M|15|30
2022-08|24|WOJ. ŚLĄSKIE|M|17|27
2022-08|24|WOJ. ŚLĄSKIE|M|14|23
2022-08|24|WOJ. ŚLĄSKIE|M|35|3
2022-08|24|WOJ. ŚLĄSKIE|M|39|5
2022-08|24|WOJ. ŚLĄSKIE|M|30|13
2022-08|24|WOJ. ŚLĄSKIE|M|16|33
2022-08|24|WOJ. ŚLĄSKIE|M|25|21
2022-08|24|WOJ. ŚLĄSKIE|M|49|1
2022-08|24|WOJ. ŚLĄSKIE|M|26|20
2022-08|24|WOJ. ŚLĄSKIE|M|24|23
2022-08|24|WOJ. ŚLĄSKIE|M|36|6
2022-08|24|WOJ. ŚLĄSKIE|M|37|10
2022-08|24|WOJ. ŚLĄSKIE|M|32|5
2022-08|24|WOJ. ŚLĄSKIE|M|43|1
2022-08|24|WOJ. ŚLĄSKIE|M|65|1
2022-08|24|WOJ. ŚLĄSKIE|M|19|193
2022-08|24|WOJ. ŚLĄSKIE|M|18|661
2022-08|24|WOJ. ŚLĄSKIE|M|23|19
2022-08|24|WOJ. ŚLĄSKIE|M|29|14
2022-08|24|WOJ. ŚLĄSKIE|M|45|5
2022-08|24|WOJ. ŚLĄSKIE|M|34|9
2022-08|24|WOJ. ŚLĄSKIE|M|44|4
2022-08|24|WOJ. ŚLĄSKIE|M|66|1
2022-08|24|WOJ. ŚLĄSKIE|M|50|1
2022-08|24|WOJ. ŚLĄSKIE|M|48|2
2022-08|24|WOJ. ŚLĄSKIE|M|38|9
2022-08|24|WOJ. ŚLĄSKIE|M|42|3
2022-08|24|WOJ. ŚLĄSKIE|M|33|13
2022-08|24|WOJ. ŚLĄSKIE|M|61|1
2022-08|24|WOJ. ŚLĄSKIE|M|52|3
2022-08|24|WOJ. ŚLĄSKIE|M|31|8
2022-08|24|WOJ. ŚLĄSKIE|M|22|22
2022-08|24|WOJ. ŚLĄSKIE|M|40|5
2022-08|24|WOJ. ŚLĄSKIE|M|46|5
2022-08|24|WOJ. ŚLĄSKIE|M|47|1
2022-08|24|WOJ. ŚLĄSKIE|M|20|75
2022-08|24|WOJ. ŚLĄSKIE|M|41|5
2022-08|24|WOJ. ŚLĄSKIE|M|28|7
2022-08|24|WOJ. ŚLĄSKIE|M|27|15
2022-08|24|WOJ. ŚLĄSKIE|M|54|1
2022-08|26|WOJ. ŚWIĘTOKRZYSKIE|K|16|6
2022-08|26|WOJ. ŚWIĘTOKRZYSKIE|K|48|1
2022-08|26|WOJ. ŚWIĘTOKRZYSKIE|K|25|6
2022-08|26|WOJ. ŚWIĘTOKRZYSKIE|K|47|1
2022-08|26|WOJ. ŚWIĘTOKRZYSKIE|K|53|1
2022-08|26|WOJ. ŚWIĘTOKRZYSKIE|K|18|219
2022-08|26|WOJ. ŚWIĘTOKRZYSKIE|K|31|3
2022-08|26|WOJ. ŚWIĘTOKRZYSKIE|K|54|1
2022-08|26|WOJ. ŚWIĘTOKRZYSKIE|K|32|8
2022-08|26|WOJ. ŚWIĘTOKRZYSKIE|K|41|1
2022-08|26|WOJ. ŚWIĘTOKRZYSKIE|K|15|1
2022-08|26|WOJ. ŚWIĘTOKRZYSKIE|K|50|2
2022-08|26|WOJ. ŚWIĘTOKRZYSKIE|K|45|1
2022-08|26|WOJ. ŚWIĘTOKRZYSKIE|K|37|1
2022-08|26|WOJ. ŚWIĘTOKRZYSKIE|K|36|3
2022-08|26|WOJ. ŚWIĘTOKRZYSKIE|K|57|1
2022-08|26|WOJ. ŚWIĘTOKRZYSKIE|K|40|2
2022-08|26|WOJ. ŚWIĘTOKRZYSKIE|K|20|11
2022-08|26|WOJ. ŚWIĘTOKRZYSKIE|K|46|3
2022-08|26|WOJ. ŚWIĘTOKRZYSKIE|K|23|3
2022-08|26|WOJ. ŚWIĘTOKRZYSKIE|K|22|7
2022-08|26|WOJ. ŚWIĘTOKRZYSKIE|K|55|1
2022-08|26|WOJ. ŚWIĘTOKRZYSKIE|K|44|2
2022-08|26|WOJ. ŚWIĘTOKRZYSKIE|K|34|3
2022-08|26|WOJ. ŚWIĘTOKRZYSKIE|K|21|10
2022-08|26|WOJ. ŚWIĘTOKRZYSKIE|K|24|7
2022-08|26|WOJ. ŚWIĘTOKRZYSKIE|K|27|6
2022-08|26|WOJ. ŚWIĘTOKRZYSKIE|K|35|6
2022-08|26|WOJ. ŚWIĘTOKRZYSKIE|K|29|2
2022-08|26|WOJ. ŚWIĘTOKRZYSKIE|K|42|2
2022-08|26|WOJ. ŚWIĘTOKRZYSKIE|K|26|2
2022-08|26|WOJ. ŚWIĘTOKRZYSKIE|K|39|1
2022-08|26|WOJ. ŚWIĘTOKRZYSKIE|K|68|1
2022-08|26|WOJ. ŚWIĘTOKRZYSKIE|K|30|4
2022-08|26|WOJ. ŚWIĘTOKRZYSKIE|K|38|1
2022-08|26|WOJ. ŚWIĘTOKRZYSKIE|K|33|3
2022-08|26|WOJ. ŚWIĘTOKRZYSKIE|K|17|4
2022-08|26|WOJ. ŚWIĘTOKRZYSKIE|K|59|1
2022-08|26|WOJ. ŚWIĘTOKRZYSKIE|K|28|3
2022-08|26|WOJ. ŚWIĘTOKRZYSKIE|K|19|47
2022-08|26|WOJ. ŚWIĘTOKRZYSKIE|K|43|2
2022-08|26|WOJ. ŚWIĘTOKRZYSKIE|K|56|1
2022-08|26|WOJ. ŚWIĘTOKRZYSKIE|M|15|6
2022-08|26|WOJ. ŚWIĘTOKRZYSKIE|M|50|1
2022-08|26|WOJ. ŚWIĘTOKRZYSKIE|M|37|4
2022-08|26|WOJ. ŚWIĘTOKRZYSKIE|M|39|1
2022-08|26|WOJ. ŚWIĘTOKRZYSKIE|M|26|8
2022-08|26|WOJ. ŚWIĘTOKRZYSKIE|M|20|12
2022-08|26|WOJ. ŚWIĘTOKRZYSKIE|M|62|1
2022-08|26|WOJ. ŚWIĘTOKRZYSKIE|M|27|2
2022-08|26|WOJ. ŚWIĘTOKRZYSKIE|M|14|7
2022-08|26|WOJ. ŚWIĘTOKRZYSKIE|M|53|1
2022-08|26|WOJ. ŚWIĘTOKRZYSKIE|M|25|1
2022-08|26|WOJ. ŚWIĘTOKRZYSKIE|M|33|3
2022-08|26|WOJ. ŚWIĘTOKRZYSKIE|M|48|1
2022-08|26|WOJ. ŚWIĘTOKRZYSKIE|M|54|1
2022-08|26|WOJ. ŚWIĘTOKRZYSKIE|M|38|4
2022-08|26|WOJ. ŚWIĘTOKRZYSKIE|M|29|4
2022-08|26|WOJ. ŚWIĘTOKRZYSKIE|M|30|1
2022-08|26|WOJ. ŚWIĘTOKRZYSKIE|M|36|2
2022-08|26|WOJ. ŚWIĘTOKRZYSKIE|M|55|1
2022-08|26|WOJ. ŚWIĘTOKRZYSKIE|M|40|1
2022-08|26|WOJ. ŚWIĘTOKRZYSKIE|M|45|1
2022-08|26|WOJ. ŚWIĘTOKRZYSKIE|M|35|1
2022-08|26|WOJ. ŚWIĘTOKRZYSKIE|M|32|4
2022-08|26|WOJ. ŚWIĘTOKRZYSKIE|M|16|19
2022-08|26|WOJ. ŚWIĘTOKRZYSKIE|M|17|16
2022-08|26|WOJ. ŚWIĘTOKRZYSKIE|M|22|3
2022-08|26|WOJ. ŚWIĘTOKRZYSKIE|M|41|2
2022-08|26|WOJ. ŚWIĘTOKRZYSKIE|M|31|3
2022-08|26|WOJ. ŚWIĘTOKRZYSKIE|M|21|8
2022-08|26|WOJ. ŚWIĘTOKRZYSKIE|M|42|2
2022-08|26|WOJ. ŚWIĘTOKRZYSKIE|M|24|6
2022-08|26|WOJ. ŚWIĘTOKRZYSKIE|M|23|1
2022-08|26|WOJ. ŚWIĘTOKRZYSKIE|M|19|43
2022-08|26|WOJ. ŚWIĘTOKRZYSKIE|M|18|209
2022-08|26|WOJ. ŚWIĘTOKRZYSKIE|M|28|5
2022-08|28|WOJ. WARMIŃSKO-MAZURSKIE|K|32|9
2022-08|28|WOJ. WARMIŃSKO-MAZURSKIE|K|45|4
2022-08|28|WOJ. WARMIŃSKO-MAZURSKIE|K|14|3
2022-08|28|WOJ. WARMIŃSKO-MAZURSKIE|K|21|17
2022-08|28|WOJ. WARMIŃSKO-MAZURSKIE|K|37|6
2022-08|28|WOJ. WARMIŃSKO-MAZURSKIE|K|30|11
2022-08|28|WOJ. WARMIŃSKO-MAZURSKIE|K|40|6
2022-08|28|WOJ. WARMIŃSKO-MAZURSKIE|K|23|15
2022-08|28|WOJ. WARMIŃSKO-MAZURSKIE|K|20|29
2022-08|28|WOJ. WARMIŃSKO-MAZURSKIE|K|35|6
2022-08|28|WOJ. WARMIŃSKO-MAZURSKIE|K|39|5
2022-08|28|WOJ. WARMIŃSKO-MAZURSKIE|K|18|258
2022-08|28|WOJ. WARMIŃSKO-MAZURSKIE|K|29|10
2022-08|28|WOJ. WARMIŃSKO-MAZURSKIE|K|48|2
2022-08|28|WOJ. WARMIŃSKO-MAZURSKIE|K|31|8
2022-08|28|WOJ. WARMIŃSKO-MAZURSKIE|K|33|8
2022-08|28|WOJ. WARMIŃSKO-MAZURSKIE|K|56|2
2022-08|28|WOJ. WARMIŃSKO-MAZURSKIE|K|63|1
2022-08|28|WOJ. WARMIŃSKO-MAZURSKIE|K|59|1
2022-08|28|WOJ. WARMIŃSKO-MAZURSKIE|K|22|11
2022-08|28|WOJ. WARMIŃSKO-MAZURSKIE|K|46|3
2022-08|28|WOJ. WARMIŃSKO-MAZURSKIE|K|47|2
2022-08|28|WOJ. WARMIŃSKO-MAZURSKIE|K|27|11
2022-08|28|WOJ. WARMIŃSKO-MAZURSKIE|K|38|3
2022-08|28|WOJ. WARMIŃSKO-MAZURSKIE|K|42|7
2022-08|28|WOJ. WARMIŃSKO-MAZURSKIE|K|15|5
2022-08|28|WOJ. WARMIŃSKO-MAZURSKIE|K|65|1
2022-08|28|WOJ. WARMIŃSKO-MAZURSKIE|K|41|2
2022-08|28|WOJ. WARMIŃSKO-MAZURSKIE|K|36|5
2022-08|28|WOJ. WARMIŃSKO-MAZURSKIE|K|16|1
2022-08|28|WOJ. WARMIŃSKO-MAZURSKIE|K|28|11
2022-08|28|WOJ. WARMIŃSKO-MAZURSKIE|K|44|2
2022-08|28|WOJ. WARMIŃSKO-MAZURSKIE|K|43|4
2022-08|28|WOJ. WARMIŃSKO-MAZURSKIE|K|19|84
2022-08|28|WOJ. WARMIŃSKO-MAZURSKIE|K|51|2
2022-08|28|WOJ. WARMIŃSKO-MAZURSKIE|K|25|9
2022-08|28|WOJ. WARMIŃSKO-MAZURSKIE|K|26|8
2022-08|28|WOJ. WARMIŃSKO-MAZURSKIE|K|53|1
2022-08|28|WOJ. WARMIŃSKO-MAZURSKIE|K|34|7
2022-08|28|WOJ. WARMIŃSKO-MAZURSKIE|K|24|8
2022-08|28|WOJ. WARMIŃSKO-MAZURSKIE|K|52|1
2022-08|28|WOJ. WARMIŃSKO-MAZURSKIE|K|54|1
2022-08|28|WOJ. WARMIŃSKO-MAZURSKIE|K|17|5
2022-08|28|WOJ. WARMIŃSKO-MAZURSKIE|M|31|2
2022-08|28|WOJ. WARMIŃSKO-MAZURSKIE|M|18|267
2022-08|28|WOJ. WARMIŃSKO-MAZURSKIE|M|34|5
2022-08|28|WOJ. WARMIŃSKO-MAZURSKIE|M|46|1
2022-08|28|WOJ. WARMIŃSKO-MAZURSKIE|M|58|2
2022-08|28|WOJ. WARMIŃSKO-MAZURSKIE|M|17|12
2022-08|28|WOJ. WARMIŃSKO-MAZURSKIE|M|19|82
2022-08|28|WOJ. WARMIŃSKO-MAZURSKIE|M|49|1
2022-08|28|WOJ. WARMIŃSKO-MAZURSKIE|M|57|1
2022-08|28|WOJ. WARMIŃSKO-MAZURSKIE|M|44|2
2022-08|28|WOJ. WARMIŃSKO-MAZURSKIE|M|26|4
2022-08|28|WOJ. WARMIŃSKO-MAZURSKIE|M|23|6
2022-08|28|WOJ. WARMIŃSKO-MAZURSKIE|M|41|2
2022-08|28|WOJ. WARMIŃSKO-MAZURSKIE|M|15|7
2022-08|28|WOJ. WARMIŃSKO-MAZURSKIE|M|21|12
2022-08|28|WOJ. WARMIŃSKO-MAZURSKIE|M|30|7
2022-08|28|WOJ. WARMIŃSKO-MAZURSKIE|M|32|2
2022-08|28|WOJ. WARMIŃSKO-MAZURSKIE|M|39|3
2022-08|28|WOJ. WARMIŃSKO-MAZURSKIE|M|36|3
2022-08|28|WOJ. WARMIŃSKO-MAZURSKIE|M|47|2
2022-08|28|WOJ. WARMIŃSKO-MAZURSKIE|M|14|12
2022-08|28|WOJ. WARMIŃSKO-MAZURSKIE|M|29|6
2022-08|28|WOJ. WARMIŃSKO-MAZURSKIE|M|22|12
2022-08|28|WOJ. WARMIŃSKO-MAZURSKIE|M|25|4
2022-08|28|WOJ. WARMIŃSKO-MAZURSKIE|M|27|4
2022-08|28|WOJ. WARMIŃSKO-MAZURSKIE|M|33|4
2022-08|28|WOJ. WARMIŃSKO-MAZURSKIE|M|61|1
2022-08|28|WOJ. WARMIŃSKO-MAZURSKIE|M|55|2
2022-08|28|WOJ. WARMIŃSKO-MAZURSKIE|M|59|1
2022-08|28|WOJ. WARMIŃSKO-MAZURSKIE|M|16|24
2022-08|28|WOJ. WARMIŃSKO-MAZURSKIE|M|20|28
2022-08|28|WOJ. WARMIŃSKO-MAZURSKIE|M|28|5
2022-08|28|WOJ. WARMIŃSKO-MAZURSKIE|M|38|3
2022-08|28|WOJ. WARMIŃSKO-MAZURSKIE|M|24|6
2022-08|30|WOJ. WIELKOPOLSKIE|K|49|5
2022-08|30|WOJ. WIELKOPOLSKIE|K|38|6
2022-08|30|WOJ. WIELKOPOLSKIE|K|50|3
2022-08|30|WOJ. WIELKOPOLSKIE|K|53|5
2022-08|30|WOJ. WIELKOPOLSKIE|K|17|4
2022-08|30|WOJ. WIELKOPOLSKIE|K|33|10
2022-08|30|WOJ. WIELKOPOLSKIE|K|36|15
2022-08|30|WOJ. WIELKOPOLSKIE|K|32|15
2022-08|30|WOJ. WIELKOPOLSKIE|K|52|5
2022-08|30|WOJ. WIELKOPOLSKIE|K|56|3
2022-08|30|WOJ. WIELKOPOLSKIE|K|63|1
2022-08|30|WOJ. WIELKOPOLSKIE|K|21|30
2022-08|30|WOJ. WIELKOPOLSKIE|K|44|2
2022-08|30|WOJ. WIELKOPOLSKIE|K|42|2
2022-08|30|WOJ. WIELKOPOLSKIE|K|64|1
2022-08|30|WOJ. WIELKOPOLSKIE|K|61|1
2022-08|30|WOJ. WIELKOPOLSKIE|K|45|2
2022-08|30|WOJ. WIELKOPOLSKIE|K|16|17
2022-08|30|WOJ. WIELKOPOLSKIE|K|37|6
2022-08|30|WOJ. WIELKOPOLSKIE|K|18|648
2022-08|30|WOJ. WIELKOPOLSKIE|K|48|3
2022-08|30|WOJ. WIELKOPOLSKIE|K|19|165
2022-08|30|WOJ. WIELKOPOLSKIE|K|31|13
2022-08|30|WOJ. WIELKOPOLSKIE|K|20|52
2022-08|30|WOJ. WIELKOPOLSKIE|K|24|20
2022-08|30|WOJ. WIELKOPOLSKIE|K|29|14
2022-08|30|WOJ. WIELKOPOLSKIE|K|39|6
2022-08|30|WOJ. WIELKOPOLSKIE|K|59|2
2022-08|30|WOJ. WIELKOPOLSKIE|K|43|9
2022-08|30|WOJ. WIELKOPOLSKIE|K|55|4
2022-08|30|WOJ. WIELKOPOLSKIE|K|58|1
2022-08|30|WOJ. WIELKOPOLSKIE|K|62|1
2022-08|30|WOJ. WIELKOPOLSKIE|K|65|1
2022-08|30|WOJ. WIELKOPOLSKIE|K|27|18
2022-08|30|WOJ. WIELKOPOLSKIE|K|30|21
2022-08|30|WOJ. WIELKOPOLSKIE|K|28|18
2022-08|30|WOJ. WIELKOPOLSKIE|K|25|13
2022-08|30|WOJ. WIELKOPOLSKIE|K|15|7
2022-08|30|WOJ. WIELKOPOLSKIE|K|22|34
2022-08|30|WOJ. WIELKOPOLSKIE|K|14|7
2022-08|30|WOJ. WIELKOPOLSKIE|K|40|3
2022-08|30|WOJ. WIELKOPOLSKIE|K|41|5
2022-08|30|WOJ. WIELKOPOLSKIE|K|23|21
2022-08|30|WOJ. WIELKOPOLSKIE|K|51|2
2022-08|30|WOJ. WIELKOPOLSKIE|K|60|3
2022-08|30|WOJ. WIELKOPOLSKIE|K|54|1
2022-08|30|WOJ. WIELKOPOLSKIE|K|46|1
2022-08|30|WOJ. WIELKOPOLSKIE|K|26|22
2022-08|30|WOJ. WIELKOPOLSKIE|K|35|9
2022-08|30|WOJ. WIELKOPOLSKIE|K|47|4
2022-08|30|WOJ. WIELKOPOLSKIE|K|34|15
2022-08|30|WOJ. WIELKOPOLSKIE|M|57|1
2022-08|30|WOJ. WIELKOPOLSKIE|M|23|16
2022-08|30|WOJ. WIELKOPOLSKIE|M|19|137
2022-08|30|WOJ. WIELKOPOLSKIE|M|41|8
2022-08|30|WOJ. WIELKOPOLSKIE|M|40|3
2022-08|30|WOJ. WIELKOPOLSKIE|M|37|3
2022-08|30|WOJ. WIELKOPOLSKIE|M|26|13
2022-08|30|WOJ. WIELKOPOLSKIE|M|39|5
2022-08|30|WOJ. WIELKOPOLSKIE|M|21|31
2022-08|30|WOJ. WIELKOPOLSKIE|M|55|2
2022-08|30|WOJ. WIELKOPOLSKIE|M|36|3
2022-08|30|WOJ. WIELKOPOLSKIE|M|27|15
2022-08|30|WOJ. WIELKOPOLSKIE|M|16|98
2022-08|30|WOJ. WIELKOPOLSKIE|M|32|8
2022-08|30|WOJ. WIELKOPOLSKIE|M|43|3
2022-08|30|WOJ. WIELKOPOLSKIE|M|30|11
2022-08|30|WOJ. WIELKOPOLSKIE|M|52|3
2022-08|30|WOJ. WIELKOPOLSKIE|M|69|1
2022-08|30|WOJ. WIELKOPOLSKIE|M|45|1
2022-08|30|WOJ. WIELKOPOLSKIE|M|44|1
2022-08|30|WOJ. WIELKOPOLSKIE|M|49|2
2022-08|30|WOJ. WIELKOPOLSKIE|M|47|1
2022-08|30|WOJ. WIELKOPOLSKIE|M|20|56
2022-08|30|WOJ. WIELKOPOLSKIE|M|29|17
2022-08|30|WOJ. WIELKOPOLSKIE|M|17|29
2022-08|30|WOJ. WIELKOPOLSKIE|M|33|4
2022-08|30|WOJ. WIELKOPOLSKIE|M|22|24
2022-08|30|WOJ. WIELKOPOLSKIE|M|38|7
2022-08|30|WOJ. WIELKOPOLSKIE|M|25|12
2022-08|30|WOJ. WIELKOPOLSKIE|M|14|74
2022-08|30|WOJ. WIELKOPOLSKIE|M|34|6
2022-08|30|WOJ. WIELKOPOLSKIE|M|64|1
2022-08|30|WOJ. WIELKOPOLSKIE|M|42|2
2022-08|30|WOJ. WIELKOPOLSKIE|M|18|628
2022-08|30|WOJ. WIELKOPOLSKIE|M|15|48
2022-08|30|WOJ. WIELKOPOLSKIE|M|24|14
2022-08|30|WOJ. WIELKOPOLSKIE|M|28|11
2022-08|30|WOJ. WIELKOPOLSKIE|M|35|8
2022-08|30|WOJ. WIELKOPOLSKIE|M|48|2
2022-08|30|WOJ. WIELKOPOLSKIE|M|31|6
2022-08|32|WOJ. ZACHODNIOPOMORSKIE|K|23|7
2022-08|32|WOJ. ZACHODNIOPOMORSKIE|K|39|2
2022-08|32|WOJ. ZACHODNIOPOMORSKIE|K|54|1
2022-08|32|WOJ. ZACHODNIOPOMORSKIE|K|18|155
2022-08|32|WOJ. ZACHODNIOPOMORSKIE|K|42|4
2022-08|32|WOJ. ZACHODNIOPOMORSKIE|K|59|2
2022-08|32|WOJ. ZACHODNIOPOMORSKIE|K|36|11
2022-08|32|WOJ. ZACHODNIOPOMORSKIE|K|30|5
2022-08|32|WOJ. ZACHODNIOPOMORSKIE|K|28|16
2022-08|32|WOJ. ZACHODNIOPOMORSKIE|K|37|7
2022-08|32|WOJ. ZACHODNIOPOMORSKIE|K|44|3
2022-08|32|WOJ. ZACHODNIOPOMORSKIE|K|21|17
2022-08|32|WOJ. ZACHODNIOPOMORSKIE|K|45|9
2022-08|32|WOJ. ZACHODNIOPOMORSKIE|K|48|3
2022-08|32|WOJ. ZACHODNIOPOMORSKIE|K|60|1
2022-08|32|WOJ. ZACHODNIOPOMORSKIE|K|38|6
2022-08|32|WOJ. ZACHODNIOPOMORSKIE|K|24|11
2022-08|32|WOJ. ZACHODNIOPOMORSKIE|K|49|4
2022-08|32|WOJ. ZACHODNIOPOMORSKIE|K|71|1
2022-08|32|WOJ. ZACHODNIOPOMORSKIE|K|19|82
2022-08|32|WOJ. ZACHODNIOPOMORSKIE|K|25|14
2022-08|32|WOJ. ZACHODNIOPOMORSKIE|K|32|8
2022-08|32|WOJ. ZACHODNIOPOMORSKIE|K|31|12
2022-08|32|WOJ. ZACHODNIOPOMORSKIE|K|29|5
2022-08|32|WOJ. ZACHODNIOPOMORSKIE|K|20|30
2022-08|32|WOJ. ZACHODNIOPOMORSKIE|K|26|14
2022-08|32|WOJ. ZACHODNIOPOMORSKIE|K|16|2
2022-08|32|WOJ. ZACHODNIOPOMORSKIE|K|56|2
2022-08|32|WOJ. ZACHODNIOPOMORSKIE|K|52|3
2022-08|32|WOJ. ZACHODNIOPOMORSKIE|K|41|1
2022-08|32|WOJ. ZACHODNIOPOMORSKIE|K|34|1
2022-08|32|WOJ. ZACHODNIOPOMORSKIE|K|35|8
2022-08|32|WOJ. ZACHODNIOPOMORSKIE|K|17|2
2022-08|32|WOJ. ZACHODNIOPOMORSKIE|K|27|14
2022-08|32|WOJ. ZACHODNIOPOMORSKIE|K|43|2
2022-08|32|WOJ. ZACHODNIOPOMORSKIE|K|53|2
2022-08|32|WOJ. ZACHODNIOPOMORSKIE|K|40|4
2022-08|32|WOJ. ZACHODNIOPOMORSKIE|K|50|3
2022-08|32|WOJ. ZACHODNIOPOMORSKIE|K|33|11
2022-08|32|WOJ. ZACHODNIOPOMORSKIE|K|46|4
2022-08|32|WOJ. ZACHODNIOPOMORSKIE|K|47|1
2022-08|32|WOJ. ZACHODNIOPOMORSKIE|K|68|1
2022-08|32|WOJ. ZACHODNIOPOMORSKIE|K|22|15
2022-08|32|WOJ. ZACHODNIOPOMORSKIE|K|57|1
2022-08|32|WOJ. ZACHODNIOPOMORSKIE|M|30|8
2022-08|32|WOJ. ZACHODNIOPOMORSKIE|M|26|9
2022-08|32|WOJ. ZACHODNIOPOMORSKIE|M|20|22
2022-08|32|WOJ. ZACHODNIOPOMORSKIE|M|25|12
2022-08|32|WOJ. ZACHODNIOPOMORSKIE|M|14|9
2022-08|32|WOJ. ZACHODNIOPOMORSKIE|M|41|2
2022-08|32|WOJ. ZACHODNIOPOMORSKIE|M|49|2
2022-08|32|WOJ. ZACHODNIOPOMORSKIE|M|43|2
2022-08|32|WOJ. ZACHODNIOPOMORSKIE|M|23|9
2022-08|32|WOJ. ZACHODNIOPOMORSKIE|M|21|21
2022-08|32|WOJ. ZACHODNIOPOMORSKIE|M|34|6
2022-08|32|WOJ. ZACHODNIOPOMORSKIE|M|29|6
2022-08|32|WOJ. ZACHODNIOPOMORSKIE|M|35|2
2022-08|32|WOJ. ZACHODNIOPOMORSKIE|M|53|1
2022-08|32|WOJ. ZACHODNIOPOMORSKIE|M|28|8
2022-08|32|WOJ. ZACHODNIOPOMORSKIE|M|47|2
2022-08|32|WOJ. ZACHODNIOPOMORSKIE|M|39|5
2022-08|32|WOJ. ZACHODNIOPOMORSKIE|M|32|2
2022-08|32|WOJ. ZACHODNIOPOMORSKIE|M|40|4
2022-08|32|WOJ. ZACHODNIOPOMORSKIE|M|33|7
2022-08|32|WOJ. ZACHODNIOPOMORSKIE|M|38|2
2022-08|32|WOJ. ZACHODNIOPOMORSKIE|M|45|4
2022-08|32|WOJ. ZACHODNIOPOMORSKIE|M|27|8
2022-08|32|WOJ. ZACHODNIOPOMORSKIE|M|18|201
2022-08|32|WOJ. ZACHODNIOPOMORSKIE|M|16|10
2022-08|32|WOJ. ZACHODNIOPOMORSKIE|M|46|3
2022-08|32|WOJ. ZACHODNIOPOMORSKIE|M|54|1
2022-08|32|WOJ. ZACHODNIOPOMORSKIE|M|64|1
2022-08|32|WOJ. ZACHODNIOPOMORSKIE|M|24|7
2022-08|32|WOJ. ZACHODNIOPOMORSKIE|M|22|10
2022-08|32|WOJ. ZACHODNIOPOMORSKIE|M|36|7
2022-08|32|WOJ. ZACHODNIOPOMORSKIE|M|37|4
2022-08|32|WOJ. ZACHODNIOPOMORSKIE|M|44|1
2022-08|32|WOJ. ZACHODNIOPOMORSKIE|M|19|80
2022-08|32|WOJ. ZACHODNIOPOMORSKIE|M|15|4
2022-08|32|WOJ. ZACHODNIOPOMORSKIE|M|17|5
2022-08|32|WOJ. ZACHODNIOPOMORSKIE|M|31|8
